{
    "profile": {
        "id": 263019768,
        "hash": "0168d7edefe78060d7b18ff2bc65d029",
        "requestHash": "0168d7edefe78060d7b18ff2bc65d029",
        "profileUrl": "https://nnmxx02.contact",
        "preferredUsername": "superbpracticallyae937c0d95",
        "thumbnailUrl": "https://2.gravatar.com/avatar/0168d7edefe78060d7b18ff2bc65d029",
        "interests": {
            "hidden_interests": false
        },
        "entity": {
            "status": "enabled",
            "is_public": true,
            "created_at": 1741309524,
            "updated_at": 1744287025,
            "last_login_at": 1744285488
        },
        "domain_banner_dismissed": null,
        "first_name": "Netnimit",
        "last_name": "Sonchin",
        "displayName": "nnmxx02",
        "pronouns": "We",
        "aboutMe": "Profile grevetar",
        "currentLocation": "Thailand",
        "company": "nnmxx01 lnc",
        "languages": [
            {
                "code": "th",
                "name": "Thai",
                "is_primary": true,
                "order": 0
            },
            {
                "code": "en",
                "name": "English",
                "is_primary": false,
                "order": 1
            }
        ],
        "hidden_contact_info": false,
        "allow_connect_message": false,
        "name": {
            "givenName": "Netnimit",
            "familyName": "Sonchin",
            "formatted": "Netnimit Sonchin"
        },
        "full_name": "Netnimit Sonchin",
        "accounts": [
            {
                "domain": "superbpracticallyae937c0d95.wordpress.com",
                "display": "superbpracticallyae937c0d95.wordpress.com",
                "url": "https://superbpracticallyae937c0d95.wordpress.com",
                "iconUrl": "https://gravatar.com/icons/wordpress.svg",
                "username": "superbpracticallyae937c0d95.wordpress.com",
                "verified": true,
                "name": "WordPress",
                "shortname": "wordpress"
            },
            {
                "domain": "github.com",
                "display": "nnmxx001",
                "url": "https://github.com/nnmxx001",
                "iconUrl": "https://gravatar.com/icons/github.svg",
                "is_hidden": false,
                "username": "nnmxx001",
                "verified": true,
                "name": "GitHub",
                "shortname": "github"
            }
        ],
        "hidden_wallet": false,
        "urls": [],
        "link_images": "show",
        "profileBackground": {
            "color": "linear-gradient(135deg,rgb(202,248,128) 0%,rgb(113,206,126) 100%)",
            "size": "",
            "opacity": 1,
            "primaryColor": ""
        },
        "section_order": [
            "links",
            "photos",
            "verified-accounts",
            "interests"
        ],
        "share_flags": {
            "search_engines": true
        },
        "hidden_avatar": false,
        "onboarding_completed_steps": [
            "avatar",
            "about",
            "verified_accounts",
            "design",
            "share"
        ],
        "newest_feature_dismissed_id": "ce73f4b923c027996e80b69143085b2d",
        "gallery": []
    },
    "identities": [
        {
            "md5": "0168d7edefe78060d7b18ff2bc65d029",
            "sha256": "84f98223048c9925ed8d7699b213dce60cc937949a66bba11b291e3b23b1622f",
            "email_address": "nnmxx01@kon.in.th",
            "userimage_md5": "f40e5dc97632cbbaa0b9ec34707e1c20",
            "identity_url": "https://gravatar.com/avatar/0168d7edefe78060d7b18ff2bc65d029"
        }
    ],
    "images": [
        {
            "user_id": 263019768,
            "md5": "f40e5dc97632cbbaa0b9ec34707e1c20",
            "sha256": "8eec024a9f6f4f1d9c08eb6879354d5a3984052731d8a78350fab8d502817336",
            "rating": "G",
            "updated_at": "2025-03-07 01:06:16",
            "url": "https://0.gravatar.com/userimage/263019768/f40e5dc97632cbbaa0b9ec34707e1c20?size=full"
        }
    ],
    "badges": [],
    "domains": [
        {
            "domain": "nnmxx02.contact",
            "user_id": 263019768,
            "status": "active",
            "expiration_date": "2026-03-07"
        }
    ],
    "interests": [],
    "applications": []
}